Type,n_alerts,n_escalated,escalation_rate,n_sar,sar_rate_of_alerts,sar_rate_of_escalated
LC&FI,6267,143,0.022817935216211904,45,0.007180469123982767,0.3146853146853147
Private Banking,3831,34,0.008874967371443488,2,5.220569042025581e-4,0.058823529411764705
Overall,10098,177,0.017528223410576353,47,0.0046543870073281835,0.2655367231638418
