CusRiskCategory_clean,n_alerts,escalation_rate,sar_rate
Medium Risk,6942,0.014261019878997408,0.0025929127052722557
Lower Risk,1314,0.0197869101978691,0.00380517503805175
Higher Risk,1161,0.04392764857881137,0.020671834625323
Not Specified,627,0.001594896331738437,0
Unknown / not recorded,54,0,0
