PEP_clean,n_alerts,escalation_rate,sar_rate
Not PEP,2776,0.010446685878962535,7.204610951008645e-4
PEP,117,0.017094017094017096,0
Unknown / not recorded,938,0.0031982942430703624,0
